driverId,date,career,height,weight,steps,avg_hr,work_hours,deliveries,finish1,finish2,finish3,conditionStatus,capacity_label
1,2025-01-01,beginner,162,82,10810,73,5.375225597903229,7,적었다,약간 그렇다,평소대로,좋음,7
1,2025-01-02,beginner,162,82,8925,83,5.063920201583643,7,적었다,약간 그렇다,평소대로,좋음,7
1,2025-01-03,beginner,162,82,10766,84,5.439698987431414,8,비슷했다,약간 그렇다,평소대로,좋음,8
1,2025-01-04,beginner,162,82,8711,86,5.2337546711260226,10,비슷했다,약간 그렇다,평소대로,좋음,10
1,2025-01-05,beginner,162,82,9125,82,5.439225150653637,6,적었다,약간 그렇다,평소대로,좋음,6
1,2025-01-06,beginner,162,82,9368,81,5.611270669337015,8,비슷했다,약간 그렇다,평소대로,좋음,8
1,2025-01-07,beginner,162,82,10348,86,5.266154592776674,9,비슷했다,약간 그렇다,평소대로,좋음,9
1,2025-01-08,beginner,162,82,9390,82,6.070823800435231,10,비슷했다,약간 그렇다,평소대로,좋음,10
1,2025-01-09,beginner,162,82,11293,83,5.307989711287748,8,비슷했다,약간 그렇다,평소대로,좋음,8
1,2025-01-10,beginner,162,82,10575,87,4.58775939215438,8,비슷했다,전혀 아니다,평소대로,좋음,8
1,2025-01-11,beginner,162,82,10148,85,4.667245146355653,9,비슷했다,전혀 아니다,평소대로,좋음,9
1,2025-01-12,beginner,162,82,9935,87,5.435714388974095,8,비슷했다,약간 그렇다,평소대로,좋음,8
1,2025-01-13,beginner,162,82,10946,77,5.144559699344992,10,비슷했다,약간 그렇다,평소대로,좋음,10
1,2025-01-14,beginner,162,82,8841,83,4.764813672853602,9,비슷했다,전혀 아니다,평소대로,좋음,9
1,2025-01-15,beginner,162,82,11852,77,4.567084442153378,12,비슷했다,전혀 아니다,평소대로,좋음,12
1,2025-01-16,beginner,162,82,10679,88,5.081376532552503,9,비슷했다,약간 그렇다,평소대로,좋음,9
1,2025-01-17,beginner,162,82,9506,89,4.825637463875781,11,비슷했다,전혀 아니다,평소대로,좋음,11
1,2025-01-18,beginner,162,82,7700,78,4.362156838331039,7,적었다,전혀 아니다,더 많이,좋음,8
1,2025-01-19,beginner,162,82,10635,81,5.071212868035283,8,비슷했다,약간 그렇다,평소대로,좋음,8
1,2025-01-20,beginner,162,82,9535,87,5.312795196983668,10,비슷했다,약간 그렇다,평소대로,좋음,10
1,2025-01-21,beginner,162,82,9027,78,4.818473076717464,8,비슷했다,전혀 아니다,평소대로,좋음,8
1,2025-01-22,beginner,162,82,10018,87,4.765298829898638,10,비슷했다,전혀 아니다,평소대로,좋음,10
1,2025-01-23,beginner,162,82,9852,82,5.3326925544863935,10,비슷했다,약간 그렇다,평소대로,좋음,10
1,2025-01-24,beginner,162,82,7629,77,4.156332783020985,9,비슷했다,전혀 아니다,평소대로,좋음,9
1,2025-01-25,beginner,162,82,7841,81,5.199887113361719,6,적었다,약간 그렇다,평소대로,좋음,6
1,2025-01-26,beginner,162,82,11106,80,4.821868014469287,10,비슷했다,전혀 아니다,평소대로,좋음,10
1,2025-01-27,beginner,162,82,9291,88,4.524988972544709,9,비슷했다,전혀 아니다,평소대로,좋음,9
1,2025-01-28,beginner,162,82,9556,80,5.217211821772929,6,적었다,약간 그렇다,평소대로,좋음,6
1,2025-01-29,beginner,162,82,8605,84,5.036064753856935,7,적었다,약간 그렇다,평소대로,좋음,7
1,2025-01-30,beginner,162,82,9640,79,5.800889445660458,10,비슷했다,약간 그렇다,평소대로,좋음,10
1,2025-01-31,beginner,162,82,12038,89,5.109998341985882,10,비슷했다,약간 그렇다,평소대로,좋음,10
1,2025-02-01,beginner,162,82,7816,80,5.731651445609781,8,비슷했다,약간 그렇다,평소대로,좋음,8
1,2025-02-02,beginner,162,82,7134,86,4.805095098422116,6,적었다,전혀 아니다,더 많이,좋음,7
1,2025-02-03,beginner,162,82,8276,86,4.264596852748671,9,비슷했다,전혀 아니다,평소대로,좋음,9
1,2025-02-04,beginner,162,82,14570,87,5.998365445845893,11,비슷했다,약간 그렇다,평소대로,좋음,11
1,2025-02-05,beginner,162,82,10001,79,3.9339768596343454,8,비슷했다,전혀 아니다,평소대로,좋음,8
1,2025-02-06,beginner,162,82,9588,89,4.693951600470096,9,비슷했다,전혀 아니다,평소대로,좋음,9
1,2025-02-07,beginner,162,82,8446,76,4.920682581480656,10,비슷했다,전혀 아니다,평소대로,좋음,10
1,2025-02-08,beginner,162,82,12051,84,4.97310872459084,7,적었다,전혀 아니다,더 많이,좋음,8
1,2025-02-09,beginner,162,82,8022,79,4.750352200730424,9,비슷했다,전혀 아니다,평소대로,좋음,9
1,2025-02-10,beginner,162,82,8367,88,6.064234866217582,8,비슷했다,약간 그렇다,평소대로,좋음,8
1,2025-02-11,beginner,162,82,10177,83,5.465786506437122,8,비슷했다,약간 그렇다,평소대로,좋음,8
1,2025-02-12,beginner,162,82,10469,82,4.672606152285304,9,비슷했다,전혀 아니다,평소대로,좋음,9
1,2025-02-13,beginner,162,82,9658,91,4.3610312128401905,7,적었다,전혀 아니다,더 많이,좋음,8
1,2025-02-14,beginner,162,82,10428,91,4.9406808369450586,10,비슷했다,전혀 아니다,평소대로,좋음,10
1,2025-02-15,beginner,162,82,11259,86,4.7945363845831315,8,비슷했다,전혀 아니다,평소대로,좋음,8
1,2025-02-16,beginner,162,82,8363,78,5.091617218610953,11,비슷했다,약간 그렇다,평소대로,좋음,11
1,2025-02-17,beginner,162,82,10330,84,5.861832860391648,13,많았다,약간 그렇다,평소대로,좋음,13
1,2025-02-18,beginner,162,82,9057,89,4.446477158978256,12,비슷했다,전혀 아니다,평소대로,좋음,12
1,2025-02-19,beginner,162,82,9554,86,4.997439066639965,9,비슷했다,전혀 아니다,평소대로,좋음,9
1,2025-02-20,beginner,162,82,11365,75,5.045292453450873,12,비슷했다,약간 그렇다,평소대로,좋음,12
1,2025-02-21,beginner,162,82,7971,80,4.5783848648535646,9,비슷했다,전혀 아니다,평소대로,좋음,9
1,2025-02-22,beginner,162,82,7410,83,5.457951271178007,7,적었다,약간 그렇다,평소대로,좋음,7
1,2025-02-23,beginner,162,82,10904,86,4.83616345281902,7,적었다,전혀 아니다,더 많이,좋음,8
1,2025-02-24,beginner,162,82,9356,84,4.9227471603750494,12,비슷했다,전혀 아니다,평소대로,좋음,12
1,2025-02-25,beginner,162,82,8373,85,5.088286679226855,10,비슷했다,약간 그렇다,평소대로,좋음,10
1,2025-02-26,beginner,162,82,12815,80,6.25873701876696,10,비슷했다,약간 그렇다,평소대로,좋음,10
1,2025-02-27,beginner,162,82,8913,86,4.268278999081499,9,비슷했다,전혀 아니다,평소대로,좋음,9
1,2025-02-28,beginner,162,82,9418,75,4.635458081128196,12,비슷했다,전혀 아니다,평소대로,좋음,12
1,2025-03-01,beginner,162,82,8605,79,4.468792794070218,7,적었다,전혀 아니다,더 많이,좋음,8
1,2025-03-02,beginner,162,82,7199,94,4.121135804321685,7,적었다,전혀 아니다,더 많이,좋음,8
1,2025-03-03,beginner,162,82,12155,98,4.45160721077268,7,적었다,전혀 아니다,더 많이,좋음,8
1,2025-03-04,beginner,162,82,9912,92,4.815875521605984,7,적었다,전혀 아니다,더 많이,좋음,8
1,2025-03-05,beginner,162,82,10766,86,4.8773610770289455,8,비슷했다,전혀 아니다,평소대로,좋음,8
1,2025-03-06,beginner,162,82,7737,83,4.93308851774198,9,비슷했다,전혀 아니다,평소대로,좋음,9
1,2025-03-07,beginner,162,82,8967,86,5.116084944813128,9,비슷했다,약간 그렇다,평소대로,좋음,9
1,2025-03-08,beginner,162,82,10527,85,5.077714663834233,10,비슷했다,약간 그렇다,평소대로,좋음,10
1,2025-03-09,beginner,162,82,10074,83,4.639220983228577,8,비슷했다,전혀 아니다,평소대로,좋음,8
1,2025-03-10,beginner,162,82,11378,83,5.786677451237622,14,많았다,매우 그렇다,적게,불안,9
1,2025-03-11,beginner,162,82,9794,85,5.595571476544433,7,적었다,약간 그렇다,평소대로,좋음,7
1,2025-03-12,beginner,162,82,9881,77,5.46371924077909,6,적었다,약간 그렇다,평소대로,좋음,6
1,2025-03-13,beginner,162,82,9878,83,5.1318586021782595,9,비슷했다,약간 그렇다,평소대로,좋음,9
1,2025-03-14,beginner,162,82,10028,91,4.874011310896558,9,비슷했다,전혀 아니다,평소대로,좋음,9
1,2025-03-15,beginner,162,82,9064,83,4.881574867745158,4,적었다,전혀 아니다,더 많이,좋음,4
1,2025-03-16,beginner,162,82,9891,92,4.121639108760709,7,적었다,전혀 아니다,더 많이,좋음,8
1,2025-03-17,beginner,162,82,8707,82,5.4319140068490945,6,적었다,약간 그렇다,평소대로,좋음,6
1,2025-03-18,beginner,162,82,11350,86,4.832771913822062,7,적었다,전혀 아니다,더 많이,좋음,8
1,2025-03-19,beginner,162,82,11258,95,5.588705944488847,13,많았다,약간 그렇다,평소대로,좋음,13
1,2025-03-20,beginner,162,82,9555,85,5.413994088398529,10,비슷했다,약간 그렇다,평소대로,좋음,10
1,2025-03-21,beginner,162,82,7832,87,5.494791967297426,8,비슷했다,약간 그렇다,평소대로,좋음,8
1,2025-03-22,beginner,162,82,10526,92,5.585623546733659,7,적었다,약간 그렇다,평소대로,좋음,7
1,2025-03-23,beginner,162,82,9699,78,4.21397987217338,9,비슷했다,전혀 아니다,평소대로,좋음,9
1,2025-03-24,beginner,162,82,10556,80,5.755614216638361,8,비슷했다,약간 그렇다,평소대로,좋음,8
1,2025-03-25,beginner,162,82,7575,80,5.01639104643813,7,적었다,약간 그렇다,평소대로,좋음,7
1,2025-03-26,beginner,162,82,10913,73,5.577656018053348,10,비슷했다,약간 그렇다,평소대로,좋음,10
1,2025-03-27,beginner,162,82,10620,93,5.036016786616289,10,비슷했다,약간 그렇다,평소대로,좋음,10
1,2025-03-28,beginner,162,82,9886,74,4.704448287404447,5,적었다,전혀 아니다,더 많이,좋음,6
1,2025-03-29,beginner,162,82,11269,82,5.184178306350329,10,비슷했다,약간 그렇다,평소대로,좋음,10
1,2025-03-30,beginner,162,82,10149,85,5.534235777994519,9,비슷했다,약간 그렇다,평소대로,좋음,9
1,2025-03-31,beginner,162,82,9778,84,4.568327367630309,10,비슷했다,전혀 아니다,평소대로,좋음,10
2,2025-01-01,experienced,184,60,12412,98,5.470731959010795,23,비슷했다,약간 그렇다,평소대로,좋음,23
2,2025-01-02,experienced,184,60,11703,92,5.58887499135484,17,비슷했다,약간 그렇다,평소대로,좋음,17
2,2025-01-03,experienced,184,60,13285,94,6.664480295218494,20,비슷했다,약간 그렇다,평소대로,좋음,20
2,2025-01-04,experienced,184,60,11292,78,7.1638265501730425,18,비슷했다,매우 그렇다,적게,불안,12
2,2025-01-05,experienced,184,60,12561,97,5.771150284521587,22,비슷했다,약간 그렇다,평소대로,좋음,22
2,2025-01-06,experienced,184,60,8198,82,5.37417639294693,13,적었다,약간 그렇다,평소대로,좋음,13
2,2025-01-07,experienced,184,60,12614,83,6.262093921406385,21,비슷했다,약간 그렇다,평소대로,좋음,21
2,2025-01-08,experienced,184,60,9292,87,6.027176792695191,10,적었다,약간 그렇다,평소대로,좋음,10
2,2025-01-09,experienced,184,60,13540,92,6.069120716029341,22,비슷했다,약간 그렇다,평소대로,좋음,22
2,2025-01-10,experienced,184,60,12130,91,5.647663368565059,22,비슷했다,약간 그렇다,평소대로,좋음,22
2,2025-01-11,experienced,184,60,12581,88,5.803129413887714,19,비슷했다,약간 그렇다,평소대로,좋음,19
2,2025-01-12,experienced,184,60,8010,81,6.414759521012036,15,적었다,약간 그렇다,평소대로,좋음,15
2,2025-01-13,experienced,184,60,9782,90,4.833191940075848,14,적었다,전혀 아니다,더 많이,좋음,16
2,2025-01-14,experienced,184,60,13233,95,6.098895040970926,18,비슷했다,약간 그렇다,평소대로,좋음,18
2,2025-01-15,experienced,184,60,11938,85,6.676792944784698,19,비슷했다,약간 그렇다,평소대로,좋음,19
2,2025-01-16,experienced,184,60,10067,86,5.2597317437174915,17,비슷했다,약간 그렇다,평소대로,좋음,17
2,2025-01-17,experienced,184,60,10526,93,6.860384915582992,23,비슷했다,약간 그렇다,평소대로,좋음,23
2,2025-01-18,experienced,184,60,10003,76,6.237348544231601,11,적었다,약간 그렇다,평소대로,좋음,11
2,2025-01-19,experienced,184,60,10999,84,5.697499643595634,19,비슷했다,약간 그렇다,평소대로,좋음,19
2,2025-01-20,experienced,184,60,11116,90,6.213945220347458,17,비슷했다,약간 그렇다,평소대로,좋음,17
2,2025-01-21,experienced,184,60,11685,83,6.660330827764083,21,비슷했다,약간 그렇다,평소대로,좋음,21
2,2025-01-22,experienced,184,60,14471,93,5.834255913951373,24,비슷했다,약간 그렇다,평소대로,좋음,24
2,2025-01-23,experienced,184,60,14726,99,6.174387947023147,19,비슷했다,약간 그렇다,평소대로,좋음,19
2,2025-01-24,experienced,184,60,13614,85,6.080095296658538,20,비슷했다,약간 그렇다,평소대로,좋음,20
2,2025-01-25,experienced,184,60,11870,84,5.987068576023072,17,비슷했다,약간 그렇다,평소대로,좋음,17
2,2025-01-26,experienced,184,60,8123,82,4.963508282004354,9,적었다,전혀 아니다,더 많이,좋음,10
2,2025-01-27,experienced,184,60,13258,84,6.968615581214759,18,비슷했다,약간 그렇다,평소대로,좋음,18
2,2025-01-28,experienced,184,60,11773,91,5.796460881824838,21,비슷했다,약간 그렇다,평소대로,좋음,21
2,2025-01-29,experienced,184,60,13995,85,5.830370758057993,22,비슷했다,약간 그렇다,평소대로,좋음,22
2,2025-01-30,experienced,184,60,12334,97,7.298836863297916,20,비슷했다,매우 그렇다,적게,불안,14
2,2025-01-31,experienced,184,60,11914,89,6.290388547664898,20,비슷했다,약간 그렇다,평소대로,좋음,20
2,2025-02-01,experienced,184,60,9122,89,6.215150679478777,12,적었다,약간 그렇다,평소대로,좋음,12
2,2025-02-02,experienced,184,60,11570,92,6.183265703618615,20,비슷했다,약간 그렇다,평소대로,좋음,20
2,2025-02-03,experienced,184,60,8852,87,6.4677735627325745,18,비슷했다,약간 그렇다,평소대로,좋음,18
2,2025-02-04,experienced,184,60,12445,90,5.252469584886398,12,적었다,약간 그렇다,평소대로,좋음,12
2,2025-02-05,experienced,184,60,6953,85,5.248748271979552,17,비슷했다,약간 그렇다,평소대로,좋음,17
2,2025-02-06,experienced,184,60,12960,96,6.217442135731824,29,많았다,매우 그렇다,적게,불안,20
2,2025-02-07,experienced,184,60,10749,86,5.851338318651182,13,적었다,약간 그렇다,평소대로,좋음,13
2,2025-02-08,experienced,184,60,12802,86,6.172322613118026,19,비슷했다,약간 그렇다,평소대로,좋음,19
2,2025-02-09,experienced,184,60,10344,85,6.814468473811996,19,비슷했다,약간 그렇다,평소대로,좋음,19
2,2025-02-10,experienced,184,60,15105,90,5.90432800665247,25,많았다,약간 그렇다,평소대로,좋음,25
2,2025-02-11,experienced,184,60,13387,100,6.065742908402726,25,많았다,약간 그렇다,평소대로,좋음,25
2,2025-02-12,experienced,184,60,10927,91,5.529438952037521,18,비슷했다,약간 그렇다,평소대로,좋음,18
2,2025-02-13,experienced,184,60,9791,92,6.318735451325561,13,적었다,약간 그렇다,평소대로,좋음,13
2,2025-02-14,experienced,184,60,7470,80,5.606717112447916,10,적었다,약간 그렇다,평소대로,좋음,10
2,2025-02-15,experienced,184,60,10819,87,5.910386687275123,16,비슷했다,약간 그렇다,평소대로,좋음,16
2,2025-02-16,experienced,184,60,12260,91,5.495731979028446,16,비슷했다,약간 그렇다,평소대로,좋음,16
2,2025-02-17,experienced,184,60,12644,100,6.278266721375632,21,비슷했다,약간 그렇다,평소대로,좋음,21
2,2025-02-18,experienced,184,60,10669,84,5.846458390832711,19,비슷했다,약간 그렇다,평소대로,좋음,19
2,2025-02-19,experienced,184,60,10893,89,5.555601343384541,15,적었다,약간 그렇다,평소대로,좋음,15
2,2025-02-20,experienced,184,60,13350,93,5.617232361285144,20,비슷했다,약간 그렇다,평소대로,좋음,20
2,2025-02-21,experienced,184,60,12622,90,5.673541927667644,19,비슷했다,약간 그렇다,평소대로,좋음,19
2,2025-02-22,experienced,184,60,10393,80,5.966009872007797,10,적었다,약간 그렇다,평소대로,좋음,10
2,2025-02-23,experienced,184,60,13204,94,5.272588757371105,16,비슷했다,약간 그렇다,평소대로,좋음,16
2,2025-02-24,experienced,184,60,7985,83,6.1817271689195366,18,비슷했다,약간 그렇다,평소대로,좋음,18
2,2025-02-25,experienced,184,60,12671,98,5.46393348928657,18,비슷했다,약간 그렇다,평소대로,좋음,18
2,2025-02-26,experienced,184,60,11353,95,5.581268297957403,15,적었다,약간 그렇다,평소대로,좋음,15
2,2025-02-27,experienced,184,60,13731,79,6.124518061153471,15,적었다,약간 그렇다,평소대로,좋음,15
2,2025-02-28,experienced,184,60,10019,91,5.788196696769581,14,적었다,약간 그렇다,평소대로,좋음,14
2,2025-03-01,experienced,184,60,11973,85,5.112518970178936,16,비슷했다,약간 그렇다,평소대로,좋음,16
2,2025-03-02,experienced,184,60,11245,93,5.68620623178154,21,비슷했다,약간 그렇다,평소대로,좋음,21
2,2025-03-03,experienced,184,60,10071,94,6.2240496819681015,23,비슷했다,약간 그렇다,평소대로,좋음,23
2,2025-03-04,experienced,184,60,8864,89,6.1176380557941314,15,적었다,약간 그렇다,평소대로,좋음,15
2,2025-03-05,experienced,184,60,12270,89,5.358682674869739,16,비슷했다,약간 그렇다,평소대로,좋음,16
2,2025-03-06,experienced,184,60,10739,88,6.725589424510532,17,비슷했다,약간 그렇다,평소대로,좋음,17
2,2025-03-07,experienced,184,60,12906,87,5.690167032935693,21,비슷했다,약간 그렇다,평소대로,좋음,21
2,2025-03-08,experienced,184,60,9239,74,6.68132131990167,14,적었다,약간 그렇다,평소대로,좋음,14
2,2025-03-09,experienced,184,60,11792,81,7.2746639763035015,22,비슷했다,매우 그렇다,적게,불안,15
2,2025-03-10,experienced,184,60,11315,83,5.856888525079666,18,비슷했다,약간 그렇다,평소대로,좋음,18
2,2025-03-11,experienced,184,60,10158,94,6.262253687643043,22,비슷했다,약간 그렇다,평소대로,좋음,22
2,2025-03-12,experienced,184,60,13094,93,6.08598016621853,28,많았다,매우 그렇다,적게,불안,19
2,2025-03-13,experienced,184,60,12646,89,5.134664197246391,22,비슷했다,약간 그렇다,평소대로,좋음,22
2,2025-03-14,experienced,184,60,15901,87,5.912913633097521,27,많았다,매우 그렇다,적게,불안,18
2,2025-03-15,experienced,184,60,10296,89,6.159700131895614,18,비슷했다,약간 그렇다,평소대로,좋음,18
2,2025-03-16,experienced,184,60,9462,89,5.8381041478567,20,비슷했다,약간 그렇다,평소대로,좋음,20
2,2025-03-17,experienced,184,60,11077,79,5.828829530668059,16,비슷했다,약간 그렇다,평소대로,좋음,16
2,2025-03-18,experienced,184,60,9815,73,6.241033417762763,13,적었다,약간 그렇다,평소대로,좋음,13
2,2025-03-19,experienced,184,60,11529,84,6.1361848776371195,23,비슷했다,약간 그렇다,평소대로,좋음,23
2,2025-03-20,experienced,184,60,16173,93,6.174675311280215,23,비슷했다,약간 그렇다,평소대로,좋음,23
2,2025-03-21,experienced,184,60,13425,93,5.916536034945717,21,비슷했다,약간 그렇다,평소대로,좋음,21
2,2025-03-22,experienced,184,60,11546,88,5.7393385406813575,21,비슷했다,약간 그렇다,평소대로,좋음,21
2,2025-03-23,experienced,184,60,11111,87,6.749187220148366,19,비슷했다,약간 그렇다,평소대로,좋음,19
2,2025-03-24,experienced,184,60,13628,79,5.877119249993549,21,비슷했다,약간 그렇다,평소대로,좋음,21
2,2025-03-25,experienced,184,60,7719,83,5.608791833019277,16,비슷했다,약간 그렇다,평소대로,좋음,16
2,2025-03-26,experienced,184,60,12869,86,5.8994476727405845,16,비슷했다,약간 그렇다,평소대로,좋음,16
2,2025-03-27,experienced,184,60,12573,82,5.971522729393236,15,적었다,약간 그렇다,평소대로,좋음,15
2,2025-03-28,experienced,184,60,10867,91,6.279274479637111,16,비슷했다,약간 그렇다,평소대로,좋음,16
2,2025-03-29,experienced,184,60,9447,87,6.350831824044784,15,적었다,약간 그렇다,평소대로,좋음,15
2,2025-03-30,experienced,184,60,8654,90,5.392054537947935,15,적었다,약간 그렇다,평소대로,좋음,15
2,2025-03-31,experienced,184,60,11455,94,5.488859859176335,18,비슷했다,약간 그렇다,평소대로,좋음,18
3,2025-01-01,expert,174,63,14391,91,6.538556779052366,21,적었다,약간 그렇다,평소대로,좋음,21
3,2025-01-02,expert,174,63,13120,99,6.4299195404368845,34,비슷했다,약간 그렇다,평소대로,좋음,34
3,2025-01-03,expert,174,63,13718,96,7.2743694094320634,30,비슷했다,매우 그렇다,적게,불안,21
3,2025-01-04,expert,174,63,14010,83,7.3888836945424625,24,비슷했다,매우 그렇다,적게,불안,16
3,2025-01-05,expert,174,63,11781,79,7.500872698825754,10,적었다,매우 그렇다,적게,불안,7
3,2025-01-06,expert,174,63,12996,97,7.049517410503601,18,적었다,매우 그렇다,적게,불안,12
3,2025-01-07,expert,174,63,13260,96,6.8141416517071525,33,비슷했다,약간 그렇다,평소대로,좋음,33
3,2025-01-08,expert,174,63,16673,102,6.492466047135592,28,비슷했다,약간 그렇다,평소대로,좋음,28
3,2025-01-09,expert,174,63,16482,101,6.539574801095436,36,비슷했다,약간 그렇다,평소대로,좋음,36
3,2025-01-10,expert,174,63,15353,99,7.624832633521889,32,비슷했다,매우 그렇다,적게,불안,22
3,2025-01-11,expert,174,63,10724,93,7.170395704001053,27,비슷했다,매우 그렇다,적게,불안,18
3,2025-01-12,expert,174,63,14522,98,6.36007952117999,20,적었다,약간 그렇다,평소대로,좋음,20
3,2025-01-13,expert,174,63,17625,99,7.127606708427937,38,많았다,매우 그렇다,적게,불안,26
3,2025-01-14,expert,174,63,14795,95,6.453264314769008,31,비슷했다,약간 그렇다,평소대로,좋음,31
3,2025-01-15,expert,174,63,12280,99,6.9744014440917015,22,적었다,약간 그렇다,평소대로,좋음,22
3,2025-01-16,expert,174,63,15373,97,7.005722719545733,35,비슷했다,매우 그렇다,적게,불안,24
3,2025-01-17,expert,174,63,13373,90,6.458786401305857,28,비슷했다,약간 그렇다,평소대로,좋음,28
3,2025-01-18,expert,174,63,11786,79,7.255610907273767,16,적었다,매우 그렇다,적게,불안,11
3,2025-01-19,expert,174,63,14188,96,7.497850692949962,23,적었다,매우 그렇다,적게,불안,16
3,2025-01-20,expert,174,63,12374,96,6.577477336015424,30,비슷했다,약간 그렇다,평소대로,좋음,30
3,2025-01-21,expert,174,63,16049,95,7.643665555802532,32,비슷했다,매우 그렇다,적게,불안,22
3,2025-01-22,expert,174,63,12725,89,6.840446701494551,22,적었다,약간 그렇다,평소대로,좋음,22
3,2025-01-23,expert,174,63,12444,89,7.12644240748495,26,비슷했다,매우 그렇다,적게,불안,18
3,2025-01-24,expert,174,63,14566,96,6.7990037099353975,31,비슷했다,약간 그렇다,평소대로,좋음,31
3,2025-01-25,expert,174,63,13556,82,6.759379438067294,17,적었다,약간 그렇다,평소대로,좋음,17
3,2025-01-26,expert,174,63,10243,85,6.069077423378745,11,적었다,약간 그렇다,평소대로,좋음,11
3,2025-01-27,expert,174,63,9790,96,7.607094914464251,29,비슷했다,매우 그렇다,적게,불안,20
3,2025-01-28,expert,174,63,15230,95,6.436109617554143,39,많았다,약간 그렇다,평소대로,좋음,39
3,2025-01-29,expert,174,63,14941,101,6.83686899748848,24,비슷했다,약간 그렇다,평소대로,좋음,24
3,2025-01-30,expert,174,63,13453,102,7.952530107032235,27,비슷했다,매우 그렇다,적게,불안,18
3,2025-01-31,expert,174,63,14348,110,7.065528913023072,29,비슷했다,매우 그렇다,적게,불안,20
3,2025-02-01,expert,174,63,15253,92,6.646367735024268,29,비슷했다,약간 그렇다,평소대로,좋음,29
3,2025-02-02,expert,174,63,12246,91,7.454300679946056,21,적었다,매우 그렇다,적게,불안,14
3,2025-02-03,expert,174,63,14637,85,7.168291563302717,30,비슷했다,매우 그렇다,적게,불안,21
3,2025-02-04,expert,174,63,12436,96,6.508990290084849,33,비슷했다,약간 그렇다,평소대로,좋음,33
3,2025-02-05,expert,174,63,15246,88,6.65324691771386,30,비슷했다,약간 그렇다,평소대로,좋음,30
3,2025-02-06,expert,174,63,13330,94,6.7075629325334996,27,비슷했다,약간 그렇다,평소대로,좋음,27
3,2025-02-07,expert,174,63,12694,82,7.362141338728114,23,적었다,매우 그렇다,적게,불안,16
3,2025-02-08,expert,174,63,10068,85,6.993840353535345,12,적었다,약간 그렇다,평소대로,좋음,12
3,2025-02-09,expert,174,63,14021,85,7.1127799197550905,23,적었다,매우 그렇다,적게,불안,16
3,2025-02-10,expert,174,63,12833,97,6.453338071056309,22,적었다,약간 그렇다,평소대로,좋음,22
3,2025-02-11,expert,174,63,10844,89,5.749150077920173,27,비슷했다,약간 그렇다,평소대로,좋음,27
3,2025-02-12,expert,174,63,13257,91,6.795805686372637,26,비슷했다,약간 그렇다,평소대로,좋음,26
3,2025-02-13,expert,174,63,13906,100,6.661991347159316,36,비슷했다,약간 그렇다,평소대로,좋음,36
3,2025-02-14,expert,174,63,12153,89,7.194845852660001,20,적었다,매우 그렇다,적게,불안,14
3,2025-02-15,expert,174,63,17690,95,6.688896277352641,33,비슷했다,약간 그렇다,평소대로,좋음,33
3,2025-02-16,expert,174,63,9585,84,7.034959790497413,16,적었다,매우 그렇다,적게,불안,11
3,2025-02-17,expert,174,63,13466,100,7.277791044325062,32,비슷했다,매우 그렇다,적게,불안,22
3,2025-02-18,expert,174,63,15994,104,7.718150878281645,36,비슷했다,매우 그렇다,적게,불안,25
3,2025-02-19,expert,174,63,10299,89,6.841046725685769,18,적었다,약간 그렇다,평소대로,좋음,18
3,2025-02-20,expert,174,63,16023,92,6.916921079025133,26,비슷했다,약간 그렇다,평소대로,좋음,26
3,2025-02-21,expert,174,63,14513,96,6.883865335037882,32,비슷했다,약간 그렇다,평소대로,좋음,32
3,2025-02-22,expert,174,63,15671,94,7.582653767773588,26,비슷했다,매우 그렇다,적게,불안,18
3,2025-02-23,expert,174,63,13268,98,6.4245677454072165,27,비슷했다,약간 그렇다,평소대로,좋음,27
3,2025-02-24,expert,174,63,16329,99,7.105804866397525,35,비슷했다,매우 그렇다,적게,불안,24
3,2025-02-25,expert,174,63,14866,100,7.144679578478556,37,많았다,매우 그렇다,적게,불안,25
3,2025-02-26,expert,174,63,4927,77,7.191442868192524,12,적었다,매우 그렇다,적게,불안,8
3,2025-02-27,expert,174,63,12656,92,7.238764668633397,32,비슷했다,매우 그렇다,적게,불안,22
3,2025-02-28,expert,174,63,18964,98,6.7579849342136615,38,많았다,약간 그렇다,평소대로,좋음,38
3,2025-03-01,expert,174,63,13396,87,7.808437199249304,26,비슷했다,매우 그렇다,적게,불안,18
3,2025-03-02,expert,174,63,10552,90,6.982194631904955,23,적었다,약간 그렇다,평소대로,좋음,23
3,2025-03-03,expert,174,63,13051,91,7.462178878593717,25,비슷했다,매우 그렇다,적게,불안,17
3,2025-03-04,expert,174,63,14725,89,7.111561009203083,29,비슷했다,매우 그렇다,적게,불안,20
3,2025-03-05,expert,174,63,11981,84,7.552339607701265,23,적었다,매우 그렇다,적게,불안,16
3,2025-03-06,expert,174,63,12103,97,7.231684903016343,32,비슷했다,매우 그렇다,적게,불안,22
3,2025-03-07,expert,174,63,15747,89,7.1871932258531315,34,비슷했다,매우 그렇다,적게,불안,23
3,2025-03-08,expert,174,63,12275,96,6.848690120264776,25,비슷했다,약간 그렇다,평소대로,좋음,25
3,2025-03-09,expert,174,63,16372,95,7.897185027300179,32,비슷했다,매우 그렇다,적게,불안,22
3,2025-03-10,expert,174,63,14581,96,7.383411435892122,32,비슷했다,매우 그렇다,적게,불안,22
3,2025-03-11,expert,174,63,13706,94,6.970358676987034,34,비슷했다,약간 그렇다,평소대로,좋음,34
3,2025-03-12,expert,174,63,15110,99,7.001496645599978,33,비슷했다,매우 그렇다,적게,불안,23
3,2025-03-13,expert,174,63,13968,87,7.378124081814903,27,비슷했다,매우 그렇다,적게,불안,18
3,2025-03-14,expert,174,63,13117,93,6.749627628121542,38,많았다,약간 그렇다,평소대로,좋음,38
3,2025-03-15,expert,174,63,10989,86,7.026086659328767,17,적었다,매우 그렇다,적게,불안,11
3,2025-03-16,expert,174,63,13874,95,7.169937680596352,27,비슷했다,매우 그렇다,적게,불안,18
3,2025-03-17,expert,174,63,14053,85,5.946023329111279,33,비슷했다,약간 그렇다,평소대로,좋음,33
3,2025-03-18,expert,174,63,15568,100,6.997683513887828,30,비슷했다,약간 그렇다,평소대로,좋음,30
3,2025-03-19,expert,174,63,14927,92,6.74981946130155,31,비슷했다,약간 그렇다,평소대로,좋음,31
3,2025-03-20,expert,174,63,12963,98,7.4930681584803835,29,비슷했다,매우 그렇다,적게,불안,20
3,2025-03-21,expert,174,63,16260,100,6.522604091434589,34,비슷했다,약간 그렇다,평소대로,좋음,34
3,2025-03-22,expert,174,63,11511,89,6.618838270986174,24,비슷했다,약간 그렇다,평소대로,좋음,24
3,2025-03-23,expert,174,63,14056,87,6.522187416299301,27,비슷했다,약간 그렇다,평소대로,좋음,27
3,2025-03-24,expert,174,63,17267,87,7.054823877287005,28,비슷했다,매우 그렇다,적게,불안,19
3,2025-03-25,expert,174,63,16216,99,7.07492120699364,38,많았다,매우 그렇다,적게,불안,26
3,2025-03-26,expert,174,63,16581,93,6.9231574478189915,32,비슷했다,약간 그렇다,평소대로,좋음,32
3,2025-03-27,expert,174,63,15109,92,6.677816439893489,36,비슷했다,약간 그렇다,평소대로,좋음,36
3,2025-03-28,expert,174,63,14283,95,7.722562978463267,32,비슷했다,매우 그렇다,적게,불안,22
3,2025-03-29,expert,174,63,9010,83,6.885353673223846,17,적었다,약간 그렇다,평소대로,좋음,17
3,2025-03-30,expert,174,63,17213,89,7.659506598870698,25,비슷했다,매우 그렇다,적게,불안,17
3,2025-03-31,expert,174,63,15373,101,7.121876240200824,38,많았다,매우 그렇다,적게,불안,26
4,2025-01-01,beginner,166,64,7902,77,4.795833418586666,10,비슷했다,전혀 아니다,평소대로,좋음,10
4,2025-01-02,beginner,166,64,9305,85,4.8616499549571435,11,비슷했다,전혀 아니다,평소대로,좋음,11
4,2025-01-03,beginner,166,64,9215,91,5.090181971513199,11,비슷했다,약간 그렇다,평소대로,좋음,11
4,2025-01-04,beginner,166,64,11660,91,5.2472783276614265,11,비슷했다,약간 그렇다,평소대로,좋음,11
4,2025-01-05,beginner,166,64,10897,87,5.307049588556312,10,비슷했다,약간 그렇다,평소대로,좋음,10
4,2025-01-06,beginner,166,64,7366,79,5.350361578429792,7,적었다,약간 그렇다,평소대로,좋음,7
4,2025-01-07,beginner,166,64,12631,84,5.420110081347099,12,비슷했다,약간 그렇다,평소대로,좋음,12
4,2025-01-08,beginner,166,64,9553,83,4.879781401464829,7,적었다,전혀 아니다,더 많이,좋음,8
4,2025-01-09,beginner,166,64,10928,81,4.8193647874982775,12,비슷했다,전혀 아니다,평소대로,좋음,12
4,2025-01-10,beginner,166,64,8875,83,5.001554275092818,10,비슷했다,약간 그렇다,평소대로,좋음,10
4,2025-01-11,beginner,166,64,12057,83,4.864922435331452,7,적었다,전혀 아니다,더 많이,좋음,8
4,2025-01-12,beginner,166,64,8058,82,3.951274521194929,7,적었다,전혀 아니다,더 많이,좋음,8
4,2025-01-13,beginner,166,64,9352,90,5.690853796688899,8,비슷했다,약간 그렇다,평소대로,좋음,8
4,2025-01-14,beginner,166,64,9866,85,5.0186139182107885,10,비슷했다,약간 그렇다,평소대로,좋음,10
4,2025-01-15,beginner,166,64,7597,83,3.840194636624391,13,많았다,전혀 아니다,평소대로,좋음,13
4,2025-01-16,beginner,166,64,10709,83,5.345052212382006,10,비슷했다,약간 그렇다,평소대로,좋음,10
4,2025-01-17,beginner,166,64,10676,90,5.515097701576366,12,비슷했다,약간 그렇다,평소대로,좋음,12
4,2025-01-18,beginner,166,64,10646,84,4.719258486608558,8,비슷했다,전혀 아니다,평소대로,좋음,8
4,2025-01-19,beginner,166,64,5923,76,5.736476786094787,8,비슷했다,약간 그렇다,평소대로,좋음,8
4,2025-01-20,beginner,166,64,9018,75,4.818369676215597,7,적었다,전혀 아니다,더 많이,좋음,8
4,2025-01-21,beginner,166,64,13286,93,4.569579160738215,8,비슷했다,전혀 아니다,평소대로,좋음,8
4,2025-01-22,beginner,166,64,8076,74,4.8182083548466,9,비슷했다,전혀 아니다,평소대로,좋음,9
4,2025-01-23,beginner,166,64,9672,76,4.501074008377987,9,비슷했다,전혀 아니다,평소대로,좋음,9
4,2025-01-24,beginner,166,64,10149,86,5.074313547651416,8,비슷했다,약간 그렇다,평소대로,좋음,8
4,2025-01-25,beginner,166,64,7799,85,5.42734286506778,5,적었다,약간 그렇다,평소대로,좋음,5
4,2025-01-26,beginner,166,64,8925,85,4.311806250461026,7,적었다,전혀 아니다,더 많이,좋음,8
4,2025-01-27,beginner,166,64,12497,90,4.929506051277791,11,비슷했다,전혀 아니다,평소대로,좋음,11
4,2025-01-28,beginner,166,64,12700,94,5.375060906068472,9,비슷했다,약간 그렇다,평소대로,좋음,9
4,2025-01-29,beginner,166,64,11627,78,4.536733444421425,7,적었다,전혀 아니다,더 많이,좋음,8
4,2025-01-30,beginner,166,64,10030,82,4.756902934650476,7,적었다,전혀 아니다,더 많이,좋음,8
4,2025-01-31,beginner,166,64,8531,79,4.662893769137746,8,비슷했다,전혀 아니다,평소대로,좋음,8
4,2025-02-01,beginner,166,64,11730,83,5.148755535592778,12,비슷했다,약간 그렇다,평소대로,좋음,12
4,2025-02-02,beginner,166,64,5422,76,4.643223009314823,7,적었다,전혀 아니다,더 많이,좋음,8
4,2025-02-03,beginner,166,64,7406,89,3.875108111024196,6,적었다,전혀 아니다,더 많이,좋음,7
4,2025-02-04,beginner,166,64,10416,88,5.645281881160587,9,비슷했다,약간 그렇다,평소대로,좋음,9
4,2025-02-05,beginner,166,64,10693,81,5.261975477096335,8,비슷했다,약간 그렇다,평소대로,좋음,8
4,2025-02-06,beginner,166,64,9375,79,5.283093879287416,11,비슷했다,약간 그렇다,평소대로,좋음,11
4,2025-02-07,beginner,166,64,9890,79,5.043252770960731,7,적었다,약간 그렇다,평소대로,좋음,7
4,2025-02-08,beginner,166,64,10527,91,5.285268518069243,8,비슷했다,약간 그렇다,평소대로,좋음,8
4,2025-02-09,beginner,166,64,12525,82,4.499354283621728,10,비슷했다,전혀 아니다,평소대로,좋음,10
4,2025-02-10,beginner,166,64,9781,76,5.033993313025545,12,비슷했다,약간 그렇다,평소대로,좋음,12
4,2025-02-11,beginner,166,64,11250,92,4.220308382347196,9,비슷했다,전혀 아니다,평소대로,좋음,9
4,2025-02-12,beginner,166,64,8511,80,5.150985371259636,8,비슷했다,약간 그렇다,평소대로,좋음,8
4,2025-02-13,beginner,166,64,12809,83,4.980730869078294,11,비슷했다,전혀 아니다,평소대로,좋음,11
4,2025-02-14,beginner,166,64,11393,83,5.048706706478891,11,비슷했다,약간 그렇다,평소대로,좋음,11
4,2025-02-15,beginner,166,64,8145,86,4.942250560350533,7,적었다,전혀 아니다,더 많이,좋음,8
4,2025-02-16,beginner,166,64,12105,91,5.2967773474527835,9,비슷했다,약간 그렇다,평소대로,좋음,9
4,2025-02-17,beginner,166,64,8864,84,5.186526159217089,9,비슷했다,약간 그렇다,평소대로,좋음,9
4,2025-02-18,beginner,166,64,10145,82,5.810035154568025,8,비슷했다,약간 그렇다,평소대로,좋음,8
4,2025-02-19,beginner,166,64,7378,89,3.914692295102294,12,비슷했다,전혀 아니다,평소대로,좋음,12
4,2025-02-20,beginner,166,64,8010,84,5.12522315013038,10,비슷했다,약간 그렇다,평소대로,좋음,10
4,2025-02-21,beginner,166,64,11054,84,5.412099809897931,14,많았다,매우 그렇다,적게,불안,9
4,2025-02-22,beginner,166,64,9786,87,3.935401055399991,7,적었다,전혀 아니다,더 많이,좋음,8
4,2025-02-23,beginner,166,64,7063,77,4.669291553846592,4,적었다,전혀 아니다,더 많이,좋음,4
4,2025-02-24,beginner,166,64,10921,88,3.957798922505763,10,비슷했다,전혀 아니다,평소대로,좋음,10
4,2025-02-25,beginner,166,64,8305,90,3.759645745007729,9,비슷했다,전혀 아니다,평소대로,좋음,9
4,2025-02-26,beginner,166,64,7029,86,4.82623829390324,4,적었다,전혀 아니다,더 많이,좋음,4
4,2025-02-27,beginner,166,64,10448,93,5.201977010367806,8,비슷했다,약간 그렇다,평소대로,좋음,8
4,2025-02-28,beginner,166,64,7572,90,5.188022184811306,9,비슷했다,약간 그렇다,평소대로,좋음,9
4,2025-03-01,beginner,166,64,9166,75,4.719622917956127,6,적었다,전혀 아니다,더 많이,좋음,7
4,2025-03-02,beginner,166,64,10039,76,5.483733136462505,8,비슷했다,약간 그렇다,평소대로,좋음,8
4,2025-03-03,beginner,166,64,6983,79,5.371014451489746,9,비슷했다,약간 그렇다,평소대로,좋음,9
4,2025-03-04,beginner,166,64,10817,94,5.135047717098644,11,비슷했다,약간 그렇다,평소대로,좋음,11
4,2025-03-05,beginner,166,64,14066,83,5.32894400521659,10,비슷했다,약간 그렇다,평소대로,좋음,10
4,2025-03-06,beginner,166,64,10258,81,5.213898199123566,8,비슷했다,약간 그렇다,평소대로,좋음,8
4,2025-03-07,beginner,166,64,9890,79,6.154922211045039,7,적었다,약간 그렇다,평소대로,좋음,7
4,2025-03-08,beginner,166,64,9420,87,4.945427424219333,9,비슷했다,전혀 아니다,평소대로,좋음,9
4,2025-03-09,beginner,166,64,11869,84,5.1763136019585865,5,적었다,약간 그렇다,평소대로,좋음,5
4,2025-03-10,beginner,166,64,9184,83,4.746447359785879,9,비슷했다,전혀 아니다,평소대로,좋음,9
4,2025-03-11,beginner,166,64,7200,88,5.458155720537284,9,비슷했다,약간 그렇다,평소대로,좋음,9
4,2025-03-12,beginner,166,64,8109,91,5.188473892847686,9,비슷했다,약간 그렇다,평소대로,좋음,9
4,2025-03-13,beginner,166,64,8127,90,5.479795262875037,12,비슷했다,약간 그렇다,평소대로,좋음,12
4,2025-03-14,beginner,166,64,9963,86,4.1973643764337165,10,비슷했다,전혀 아니다,평소대로,좋음,10
4,2025-03-15,beginner,166,64,10236,91,5.0886306834744275,9,비슷했다,약간 그렇다,평소대로,좋음,9
4,2025-03-16,beginner,166,64,9523,84,3.5664725231086285,10,비슷했다,전혀 아니다,평소대로,좋음,10
4,2025-03-17,beginner,166,64,11073,77,5.047091529116156,6,적었다,약간 그렇다,평소대로,좋음,6
4,2025-03-18,beginner,166,64,8992,92,4.542088261351781,10,비슷했다,전혀 아니다,평소대로,좋음,10
4,2025-03-19,beginner,166,64,6793,93,5.2311062445053125,8,비슷했다,약간 그렇다,평소대로,좋음,8
4,2025-03-20,beginner,166,64,11063,78,4.908750078674869,11,비슷했다,전혀 아니다,평소대로,좋음,11
4,2025-03-21,beginner,166,64,10093,83,4.8380076122517846,12,비슷했다,전혀 아니다,평소대로,좋음,12
4,2025-03-22,beginner,166,64,9583,86,5.347335305814204,6,적었다,약간 그렇다,평소대로,좋음,6
4,2025-03-23,beginner,166,64,8771,94,5.25659990553859,7,적었다,약간 그렇다,평소대로,좋음,7
4,2025-03-24,beginner,166,64,11251,78,5.630468661781492,6,적었다,약간 그렇다,평소대로,좋음,6
4,2025-03-25,beginner,166,64,12256,87,5.4977451414726595,14,많았다,매우 그렇다,적게,불안,9
4,2025-03-26,beginner,166,64,10385,91,4.895295586480196,9,비슷했다,전혀 아니다,평소대로,좋음,9
4,2025-03-27,beginner,166,64,11236,89,4.544278188431355,10,비슷했다,전혀 아니다,평소대로,좋음,10
4,2025-03-28,beginner,166,64,9793,80,5.372749453262491,11,비슷했다,약간 그렇다,평소대로,좋음,11
4,2025-03-29,beginner,166,64,9555,82,4.182268375771071,6,적었다,전혀 아니다,더 많이,좋음,7
4,2025-03-30,beginner,166,64,7529,89,3.522190587827465,7,적었다,전혀 아니다,더 많이,좋음,8
4,2025-03-31,beginner,166,64,7513,91,5.180295838828421,8,비슷했다,약간 그렇다,평소대로,좋음,8
5,2025-01-01,experienced,177,77,14474,88,7.162889895940842,21,비슷했다,매우 그렇다,적게,불안,14
5,2025-01-02,experienced,177,77,12164,87,5.837227494240234,17,비슷했다,약간 그렇다,평소대로,좋음,17
5,2025-01-03,experienced,177,77,11428,100,6.7335906253545215,18,비슷했다,약간 그렇다,평소대로,좋음,18
5,2025-01-04,experienced,177,77,11735,92,6.892659197112364,16,비슷했다,약간 그렇다,평소대로,좋음,16
5,2025-01-05,experienced,177,77,11289,91,5.573120388706294,13,적었다,약간 그렇다,평소대로,좋음,13
5,2025-01-06,experienced,177,77,9959,82,5.356803332458151,20,비슷했다,약간 그렇다,평소대로,좋음,20
5,2025-01-07,experienced,177,77,12087,85,6.054742679723544,12,적었다,약간 그렇다,평소대로,좋음,12
5,2025-01-08,experienced,177,77,9755,95,5.904619769832726,10,적었다,약간 그렇다,평소대로,좋음,10
5,2025-01-09,experienced,177,77,13358,89,5.804661198700402,14,적었다,약간 그렇다,평소대로,좋음,14
5,2025-01-10,experienced,177,77,12894,94,6.0572922185119396,22,비슷했다,약간 그렇다,평소대로,좋음,22
5,2025-01-11,experienced,177,77,8340,87,6.4390292894540995,12,적었다,약간 그렇다,평소대로,좋음,12
5,2025-01-12,experienced,177,77,11165,84,5.691853455903946,16,비슷했다,약간 그렇다,평소대로,좋음,16
5,2025-01-13,experienced,177,77,9344,89,5.823192629193178,15,적었다,약간 그렇다,평소대로,좋음,15
5,2025-01-14,experienced,177,77,9227,84,6.355988511495526,15,적었다,약간 그렇다,평소대로,좋음,15
5,2025-01-15,experienced,177,77,11895,87,6.662573364437419,17,비슷했다,약간 그렇다,평소대로,좋음,17
5,2025-01-16,experienced,177,77,12135,100,4.946403826335156,21,비슷했다,전혀 아니다,평소대로,좋음,21
5,2025-01-17,experienced,177,77,12822,94,6.033956584584668,20,비슷했다,약간 그렇다,평소대로,좋음,20
5,2025-01-18,experienced,177,77,9915,80,5.158836759104487,8,적었다,약간 그렇다,평소대로,좋음,8
5,2025-01-19,experienced,177,77,9298,84,5.842412805057388,21,비슷했다,약간 그렇다,평소대로,좋음,21
5,2025-01-20,experienced,177,77,9517,82,5.882937231358544,9,적었다,약간 그렇다,평소대로,좋음,9
5,2025-01-21,experienced,177,77,12544,81,6.599259918258347,24,비슷했다,약간 그렇다,평소대로,좋음,24
5,2025-01-22,experienced,177,77,12864,95,6.277680114254288,22,비슷했다,약간 그렇다,평소대로,좋음,22
5,2025-01-23,experienced,177,77,9560,91,7.00437769309257,15,적었다,매우 그렇다,적게,불안,10
5,2025-01-24,experienced,177,77,12874,85,5.534867656364975,13,적었다,약간 그렇다,평소대로,좋음,13
5,2025-01-25,experienced,177,77,11642,96,6.118477694359623,19,비슷했다,약간 그렇다,평소대로,좋음,19
5,2025-01-26,experienced,177,77,9795,90,5.109630946218265,15,적었다,약간 그렇다,평소대로,좋음,15
5,2025-01-27,experienced,177,77,11113,87,5.216470874882281,21,비슷했다,약간 그렇다,평소대로,좋음,21
5,2025-01-28,experienced,177,77,10657,85,5.312043205699224,18,비슷했다,약간 그렇다,평소대로,좋음,18
5,2025-01-29,experienced,177,77,12381,89,6.404560655495122,23,비슷했다,약간 그렇다,평소대로,좋음,23
5,2025-01-30,experienced,177,77,10279,85,5.591712446272212,20,비슷했다,약간 그렇다,평소대로,좋음,20
5,2025-01-31,experienced,177,77,11643,92,5.418263100103864,17,비슷했다,약간 그렇다,평소대로,좋음,17
5,2025-02-01,experienced,177,77,9470,86,6.012564355608017,9,적었다,약간 그렇다,평소대로,좋음,9
5,2025-02-02,experienced,177,77,9106,87,5.273200360034185,15,적었다,약간 그렇다,평소대로,좋음,15
5,2025-02-03,experienced,177,77,13318,97,4.892906314478498,24,비슷했다,전혀 아니다,평소대로,좋음,24
5,2025-02-04,experienced,177,77,10745,88,6.27510124801322,19,비슷했다,약간 그렇다,평소대로,좋음,19
5,2025-02-05,experienced,177,77,12014,81,4.827828345790563,13,적었다,전혀 아니다,더 많이,좋음,15
5,2025-02-06,experienced,177,77,9485,88,5.3067788733649035,18,비슷했다,약간 그렇다,평소대로,좋음,18
5,2025-02-07,experienced,177,77,12078,90,6.188985498997349,17,비슷했다,약간 그렇다,평소대로,좋음,17
5,2025-02-08,experienced,177,77,9598,87,6.788884102465943,16,비슷했다,약간 그렇다,평소대로,좋음,16
5,2025-02-09,experienced,177,77,9867,88,6.632269904669018,20,비슷했다,약간 그렇다,평소대로,좋음,20
5,2025-02-10,experienced,177,77,13292,91,6.254039552599533,25,많았다,약간 그렇다,평소대로,좋음,25
5,2025-02-11,experienced,177,77,11221,88,6.144109531545162,18,비슷했다,약간 그렇다,평소대로,좋음,18
5,2025-02-12,experienced,177,77,12798,104,5.660964235753251,20,비슷했다,약간 그렇다,평소대로,좋음,20
5,2025-02-13,experienced,177,77,9259,88,6.16200626209499,12,적었다,약간 그렇다,평소대로,좋음,12
5,2025-02-14,experienced,177,77,13763,90,6.380927387021232,20,비슷했다,약간 그렇다,평소대로,좋음,20
5,2025-02-15,experienced,177,77,14385,91,4.827851053105661,20,비슷했다,전혀 아니다,평소대로,좋음,20
5,2025-02-16,experienced,177,77,10753,90,5.390062127579239,20,비슷했다,약간 그렇다,평소대로,좋음,20
5,2025-02-17,experienced,177,77,13426,80,6.141534294004995,19,비슷했다,약간 그렇다,평소대로,좋음,19
5,2025-02-18,experienced,177,77,12294,84,6.004140954978964,23,비슷했다,약간 그렇다,평소대로,좋음,23
5,2025-02-19,experienced,177,77,13372,83,4.792946074484481,22,비슷했다,전혀 아니다,평소대로,좋음,22
5,2025-02-20,experienced,177,77,13754,89,5.9404155813360395,20,비슷했다,약간 그렇다,평소대로,좋음,20
5,2025-02-21,experienced,177,77,13309,91,5.746698652014398,17,비슷했다,약간 그렇다,평소대로,좋음,17
5,2025-02-22,experienced,177,77,8449,88,5.881776790017743,14,적었다,약간 그렇다,평소대로,좋음,14
5,2025-02-23,experienced,177,77,9792,95,6.375898232917728,8,적었다,약간 그렇다,평소대로,좋음,8
5,2025-02-24,experienced,177,77,13697,93,5.948668954479683,15,적었다,약간 그렇다,평소대로,좋음,15
5,2025-02-25,experienced,177,77,11402,89,6.1119837141867235,17,비슷했다,약간 그렇다,평소대로,좋음,17
5,2025-02-26,experienced,177,77,9002,89,5.955339798649633,17,비슷했다,약간 그렇다,평소대로,좋음,17
5,2025-02-27,experienced,177,77,9777,95,5.886290293678058,21,비슷했다,약간 그렇다,평소대로,좋음,21
5,2025-02-28,experienced,177,77,11779,82,5.636992451149512,21,비슷했다,약간 그렇다,평소대로,좋음,21
5,2025-03-01,experienced,177,77,12042,82,5.73109432682143,11,적었다,약간 그렇다,평소대로,좋음,11
5,2025-03-02,experienced,177,77,11971,88,5.73084189856921,18,비슷했다,약간 그렇다,평소대로,좋음,18
5,2025-03-03,experienced,177,77,10241,84,5.732594330890721,23,비슷했다,약간 그렇다,평소대로,좋음,23
5,2025-03-04,experienced,177,77,12015,86,5.375470014660974,17,비슷했다,약간 그렇다,평소대로,좋음,17
5,2025-03-05,experienced,177,77,14105,88,5.131142702431434,29,많았다,매우 그렇다,적게,불안,20
5,2025-03-06,experienced,177,77,8111,90,6.070709736670272,18,비슷했다,약간 그렇다,평소대로,좋음,18
5,2025-03-07,experienced,177,77,13789,98,5.773280850815704,27,많았다,매우 그렇다,적게,불안,18
5,2025-03-08,experienced,177,77,7586,90,5.7095199057342585,15,적었다,약간 그렇다,평소대로,좋음,15
5,2025-03-09,experienced,177,77,11189,84,5.49365807430592,15,적었다,약간 그렇다,평소대로,좋음,15
5,2025-03-10,experienced,177,77,9392,93,6.303145578054354,17,비슷했다,약간 그렇다,평소대로,좋음,17
5,2025-03-11,experienced,177,77,13684,92,5.668649295822368,14,적었다,약간 그렇다,평소대로,좋음,14
5,2025-03-12,experienced,177,77,11206,90,5.529734892249392,20,비슷했다,약간 그렇다,평소대로,좋음,20
5,2025-03-13,experienced,177,77,11953,88,5.954564535187019,20,비슷했다,약간 그렇다,평소대로,좋음,20
5,2025-03-14,experienced,177,77,12171,80,5.741744628919584,14,적었다,약간 그렇다,평소대로,좋음,14
5,2025-03-15,experienced,177,77,11167,85,5.590123035614578,15,적었다,약간 그렇다,평소대로,좋음,15
5,2025-03-16,experienced,177,77,10232,93,6.253291577095127,21,비슷했다,약간 그렇다,평소대로,좋음,21
5,2025-03-17,experienced,177,77,11670,85,5.711501814311233,16,비슷했다,약간 그렇다,평소대로,좋음,16
5,2025-03-18,experienced,177,77,11671,88,5.612744969243303,23,비슷했다,약간 그렇다,평소대로,좋음,23
5,2025-03-19,experienced,177,77,12343,97,6.549595777773907,17,비슷했다,약간 그렇다,평소대로,좋음,17
5,2025-03-20,experienced,177,77,13905,88,5.48464148403383,29,많았다,매우 그렇다,적게,불안,20
5,2025-03-21,experienced,177,77,9614,82,5.684958744872166,16,비슷했다,약간 그렇다,평소대로,좋음,16
5,2025-03-22,experienced,177,77,12263,82,5.391640790806797,15,적었다,약간 그렇다,평소대로,좋음,15
5,2025-03-23,experienced,177,77,13508,87,5.774307774517802,27,많았다,매우 그렇다,적게,불안,18
5,2025-03-24,experienced,177,77,13645,86,6.559750340401458,26,많았다,약간 그렇다,평소대로,좋음,26
5,2025-03-25,experienced,177,77,14193,94,5.439284476991372,20,비슷했다,약간 그렇다,평소대로,좋음,20
5,2025-03-26,experienced,177,77,10524,93,4.781812168376339,20,비슷했다,전혀 아니다,평소대로,좋음,20
5,2025-03-27,experienced,177,77,10411,93,6.554584905746066,24,비슷했다,약간 그렇다,평소대로,좋음,24
5,2025-03-28,experienced,177,77,12788,93,5.170832217208877,24,비슷했다,약간 그렇다,평소대로,좋음,24
5,2025-03-29,experienced,177,77,10311,85,5.073919072299399,14,적었다,약간 그렇다,평소대로,좋음,14
5,2025-03-30,experienced,177,77,10335,87,5.718264287287465,15,적었다,약간 그렇다,평소대로,좋음,15
5,2025-03-31,experienced,177,77,11585,90,5.847786618571666,21,비슷했다,약간 그렇다,평소대로,좋음,21
